id,username,privacyStatus
93a1cd715c2e4fda88d24709,1JohnSmith1,ALL
6d3b19a1cb3449728f3d1d96,1RobertJohnson1,NOBODY
8a6fe6b18d134961b939f83f,20thCentury,FOLLOWERS
695223946df24464ac359c08,4EverFinalGirl,ALL
0a02f419d2944753a9dadb1f,4c3T,ALL
3c439955e8ca4d5eb16c13b4,5rJoud,ALL
fb76f339216b4a8ab3bf7312,6Spirals,ALL
f7d7aed77f4e4c0f9b0076c3,ANTIVICTORIA,NOBODY
5fac195d77d94a36bde95b61,ARGMAN,FOLLOWERS
409f5ecfaa9445e1a36cd9c2,Aardbol,ALL
77335a33c7a24adb98fe261d,Abrazilliancheeze,ALL
dcfb5b42e92d489a898e4942,Abro,FOLLOWERS
b147b38275ba48cab2b933db,Aegelis,FOLLOWERS
1992a4acda7b416485a45a67,Agustttt,NOBODY
86e0a358e2c94456a9c58898,Ahmetaslan27,FOLLOWERS
70d9ed7389b24b738b00e6ad,AirGordon,NOBODY
7370f3d729684f3a9fd6f675,AkshayAkshayAkshay,NOBODY
ce9311aa00074896af2045b1,Al Jolson,ALL
206294a166c745f997d53b4f,Almando,FOLLOWERS
f1d388479c69415197415def,Alunauwie,NOBODY
8010a60e332a4e2299e00d7f,AmazoniaNOTAmazon,ALL
a777d40e52a14f9b8a527098,AndrewGentry,FOLLOWERS
86cc2d15069748e794555865,AnnS.,FOLLOWERS
65e8cb4501f145a8a3cff6bf,AnthonyAtkins232,NOBODY
451be2be15734da28712f42d,AnthonyWhite,NOBODY
d0e4fe887b9f4bd3afab2176,Antoine53,FOLLOWERS
d67593fe1f794d00af0ff174,Anton2k,ALL
9bd00cb5fae84d62974106c6,Arcanum101,FOLLOWERS
4656919c3f0b4117995c6ec7,Arrrrrrrach,NOBODY
09573a020b0f42b794183c81,ArthurNapier,FOLLOWERS
9c8011e8fdfe4e56a6aefd8d,Artillerysalvo,ALL
71c5dd6e16994ad5a3a0afa1,Asa_movies,FOLLOWERS
65792501faee4dae96028f77,AshJohann,ALL
3cfea1b5ad904ccfaf99cc3d,AstroNoud,ALL
09645bf8f89c4400beeddacf,Avatarz,NOBODY
c8db8bf0789941cc89702b8d,Ayertiam,NOBODY
41943a3af33f449eb733ddfd,BadChristian,ALL
2b18db8171244139b395646c,BasilAth,ALL
50da1d8606f74e01b96bcb39,Bazzjazz,FOLLOWERS
682c6bdfa53740bb8d8a22b0,BenjaminCollins,ALL
12daf67e2f864b7f914dee66,BertenErnie,ALL
a6c74fd52b214ed4ace4ec84,BiGuy,ALL
372c80a6f9884e7bb97f57a9,BiankaMalburg,NOBODY
593f304f601a4902999d7124,BinaryCrunch,FOLLOWERS
8990e30e2c1c4d85bdcf7eec,Binayak,NOBODY
3e18078707da4b6280626fdb,BlackDiamondBass97,ALL
48199220ce614c7aa203ec5c,Blackhorse,NOBODY
493b517403ca481eb84fbe04,BornKnight,ALL
8fc106ef5a9c46f1b927e628,BradFlix,FOLLOWERS
050376137d6d49c9808fd394,Bradley's,FOLLOWERS
154f77b1f36c4adab28eb98d,BradleyStewart,FOLLOWERS
e0ee93414b3e4b0594ca9fce,BrandonEvans,ALL
8cc738296c7f40568f8c2d75,BreakingTraining77,NOBODY
34290a20e130473eb14acc29,BrentJWestern,ALL
d19fe8ac527044a8b270c6b4,Brent_Marchant,ALL
e53d4e6067f6476f8c59dbb3,Broadwaygirl918,FOLLOWERS
0a2cb54fac5143ec962d7ab7,BryanGreyson,NOBODY
fa70ebd6ef094735a8e3dd38,BryceSpencer,ALL
6b8a7b2164be451dafc7b775,COLONELGEORGETAYLOR,NOBODY
1fa26b1cf5364011be76c884,CRCulver,NOBODY
3fc1fadae1f84ff5813de95b,CaptNemo,FOLLOWERS
e208d55be63f41baa6e51302,CarsonTrent,FOLLOWERS
982baee27a9f474186fac1a7,CaryGranite,FOLLOWERS
ac04d90c1716481b9549d5d6,CaseyReese,NOBODY
e66b87502c0745eeb85bc338,CatEllington,ALL
c92e21396a654c4391e2070e,Certfiable,FOLLOWERS
a87c017406454782853ea6ce,CertifiedHuman,FOLLOWERS
f70ebdda1a614d28a83bb61a,Charles Dance,NOBODY
fb096b13d6714ec8aa4838e1,CharlesTaylor,NOBODY
d88f2d8193c941edbdfb0edb,CharlesTheBold,FOLLOWERS
892e613cfb7347be9052f8f7,CheauxFoure,NOBODY
1bb899ca97154bb295f01dab,ChristopherAndersen,ALL
253c6d607918432389548d9a,Cinema_Snobb,FOLLOWERS
002cb73e9d004a7bb19ea667,CipE,NOBODY
fb309e11ef2b42d5a98b1111,Cranialrock,NOBODY
135ad5fe87a04c338e2fedba,Crazypiglady,NOBODY
cef418645b044ba9a0afd188,CuzzinCoo,ALL
ce76fa85bd4b49ec980ca374,Cwf97,FOLLOWERS
b3e72ec3631e4119bb9d15cc,Cyberknight,NOBODY
0b12b8e20ce34fe7acebade9,DRDMovieMusings,ALL
9822b23c4b814dc48c6bec4d,DalekDave01,ALL
2b20f5354cc34b1e941a4218,DanDare,FOLLOWERS
476873365f42409e8da7d3b4,Dan_Tebasco,NOBODY
0df557dec2a14eef9cc643de,DanielThomas,FOLLOWERS
a5e53b47ae1540be9f4a7a51,Dark Jedi,FOLLOWERS
6db75032eb2b43bcb34b7db8,Datapotomus,FOLLOWERS
3656ca38cad84fc8829fab2c,Dave09,NOBODY
03ecfdb60dfa47d3b376bb54,DavidBrown1,NOBODY
d532140a6dda43a79df5dce3,DeepSpace,ALL
59cdd3abed57488e939a086f,Dharunn_,ALL
39cb49eb02ef41ea873fc8ab,Ditendra,ALL
72248702b0554a5b9f85589c,DocTerminus,FOLLOWERS
229968fc595042a7a55cfe36,DonGable,NOBODY
3dd9364b9d0348e492afd096,DonaldHarris,ALL
2ea8cce01a194bca9b3c0a1d,DoryDarko,ALL
d9b5b9d25a7a4823b025cfe3,DoubleUK,ALL
7b6c3a59e4474fc1b7924c65,DougG_YVR,ALL
a9f462de9181421ca8f6f700,Dr_Nostromo,ALL
bf9eeedb3ced4a99853a55bd,DrewBlack,FOLLOWERS
3e79f3cedff0405aa6d2a889,Dsnake1,ALL
b07d7ab3b0e84345800dee36,Duplicitous_Tardigrade,NOBODY
bcd5f221fef346a980860392,EDSR,NOBODY
2dd7b0fc40a14df39edffcc9,EjBlackCherry,FOLLOWERS
d554804cd60848d4b1dcf636,Eky,FOLLOWERS
90e0ef912f3344019fbdd2fb,EmkEyen,FOLLOWERS
8f84251351404fe2b7a00dfb,ErichB85,FOLLOWERS
cb6656ef07704aad9a9926f3,EvilWayz,FOLLOWERS
5812753c0bdb4ae7a9e56333,FarSky,FOLLOWERS
5ec854ea9f8c42a8bd509efa,FelicityBliss,NOBODY
0652d036907c4d27896ac4e1,FilipeManuelNeto,FOLLOWERS
83bc0ba3567c42748a5f1051,Film.Viewer.999,NOBODY
1540fdc3fd364c9a9f5bd846,Fixyf,NOBODY
11421df9209b4116b22d64f9,Flekoun,ALL
c65158d06c204f8ba5138ea4,FlixxFlyy,ALL
365de429dc284901982f151c,Floomeister2000,ALL
7c2c845a7545455fbd73d519,FloppyDriver,FOLLOWERS
556c73fd1057430aaf6dfa58,Fr0zenf00d,NOBODY
38a59b14442846ba943c0143,Frank Ochieng,FOLLOWERS
1dca397f4c264f23a348cdb0,FrontrunnerParis,FOLLOWERS
4c68225ed3c2457f9400220a,GHeart,ALL
ce42920524a1441c97f96523,GWS_Compsoft,NOBODY
2c290b6ee44346378ca72288,Gammon,ALL
6fac97656d124e30bd348221,GeekMasher,FOLLOWERS
45b4da12e3a84142bf27bcb5,GeekPatriot,FOLLOWERS
cb927b8cc3994e38843a0a7b,GeekyRedhead,FOLLOWERS
891d24edd0b74e95826ee48a,GenerationofSwine,ALL
8858183e5db8477ab03e8638,Geronimo1967,ALL
26cf38fcbb754412be979671,Gnislew,ALL
4c080c3054c84a23b3f3ad24,Goddard,NOBODY
34c4210271a74dc7b5596cf9,Graviteer,NOBODY
abe7ee65727d45abb76cbd3a,Gurre,FOLLOWERS
97a5f57f6ec746f0bbbcd580,Hadam10Rose,NOBODY
71257901b70f4e93b38cba18,HaltingTuber,FOLLOWERS
0325aeed3f824b4e84d4aac7,Hamurabiahmed,FOLLOWERS
fe0e36bd46d24994ba87dfd0,Hankey79,FOLLOWERS
a9340d9deb9544b6bfbd8e2f,HappyPagan,FOLLOWERS
405220f9b8504ecfbc6cbbc5,HikariWS,ALL
b23b7b33979f4ae695512453,Horseface,ALL
12bfca9535ce49f3887cdf5e,HotelCharliHill,NOBODY
8a03a2c2e6c541b68f10d781,Hubi,NOBODY
3c414f4792e2414a80d814d3,IanBeale,ALL
25dbb96e168e4975a01025a5,Ibraheem...,NOBODY
6706123755ea48c79e6d7eca,IndecentLouie,FOLLOWERS
7dcebdb688a748d5bf0d2cf5,Influence4Change,ALL
8d8a8717d9dd416aa76d1511,Infra,ALL
ade85b66ac6a4ee0adcdb24d,J4stringthang,NOBODY
f74134f3759c402a846b1510,JJJ222cool,ALL
ee91c8c2d41648479e4af18b,JN2012,NOBODY
d13279f1d9ad4d959f1cc0e4,JPV852,ALL
c23ffef9d81b42a3b33cb416,JTomKinser,NOBODY
0f2021bf0bb24aca9cdf4fde,JackthePGL,FOLLOWERS
e13904b679724422b9b80434,JacobKing1,NOBODY
607b2d1ffbc3452b9466b594,JakeWarren,FOLLOWERS
bb9d45efad714cf786fea374,JaneHall,ALL
654861a71f8e4aa393b033b2,Jeff_34,NOBODY
cd7a6d9738154518aeedccc0,JeffreyYoung,NOBODY
72381b13ffee494892238a3a,JessieCollins,FOLLOWERS
8449de1fffb24d61a6a8f999,JoeDez,NOBODY
6be894cc56d14d86bb10ab08,Joeisacoolguy,NOBODY
dbfbd5b125bc4cd38371c6fb,John Chard,FOLLOWERS
bc446748216f42d2808f512a,JosephStrickland,NOBODY
f6eba9500d1247c0bb2f6619,JosephWilson,FOLLOWERS
c7b613bbffaf4e1599f330e0,Jpilucho,NOBODY
f16b4843dece434e849ce96d,Jstewart2007,FOLLOWERS
275859dec2124cb08009a427,Juno78,NOBODY
e17d2bc06fa54fbaaf2b1d31,JustinCampbell,ALL
865fa6587d6941ffb0c1d533,Kamurai,NOBODY
ca7fea9f88034647961ecf8e,KayP97,NOBODY
f2abc8377efa4020935508dd,KeeganEatsPie,NOBODY
5846d73594a047c0aa689a6e,Kelvin_ricky,NOBODY
435b86e87ff94d9f802064c8,Kewl_Kat,ALL
bdcb9648bd3b467cb0b9ad71,Key-Si,ALL
1f478fa21e6d479c885b740d,Kiarra3130,NOBODY
e95372b278994177a7d5acf5,KingStradivarius,NOBODY
3870f226e61845daa9f781e7,Koffeelk,FOLLOWERS
8fc6fb053230444cb28a651d,Kowalczyk,FOLLOWERS
04cf039846fe48ee9ab92eec,Krakatoa69,ALL
4649ed5eb5d74422b68b908e,LJ_989,FOLLOWERS
354de5094bff4507bb261fcf,LadyGreenEyes,FOLLOWERS
1bf49494ec05403391bd39fa,LarryAdams,FOLLOWERS
55d5d5a7df524a63b653ba72,LastCaress1972,NOBODY
3b1a9d222d314740a81ea8dd,Leezannn,NOBODY
f2de868f148b40acaaac67ab,Lehcar,ALL
67240588d442417f80dbae9e,Lewisly,NOBODY
bffd9b78c0b44009bab6a440,LloydGM,FOLLOWERS
19da89be09e54dc7983b075b,LoganWright1,NOBODY
35198fbcf20848acbd18ddfa,Lord-of-TV,FOLLOWERS
39f625687d504d5ab52bd692,LovingStory,ALL
eebb5d272bbc4a7c99e4e7b2,LuckyLinden,ALL
f990be36a62a4732b1965a49,LƛȤƛƦꪡƬƑ,NOBODY
e94590f76f0b4849af51f685,MK40,ALL
f9fd193201894f3e8b422e55,MTVWorld,ALL
bca6463138cc4c94a4b96656,Makapl,FOLLOWERS
6915bd57976a40bcafdaf54c,MannyDavis,NOBODY
df489ac32e7f4541a5d53395,MannyHein,FOLLOWERS
562adb5e67c94d1a91213e13,Margot_GreenHumanity,NOBODY
5afe4f8bff87438ea56fb49b,Mark Rushow,NOBODY
75e774877bd642b8af959715,MarkMartin,FOLLOWERS
c6f7894bc6354c909128b8c9,MatthewJackson,FOLLOWERS
bfa1eb3e1a6a45c580cc7230,MatthewL.Brady,NOBODY
57e9aa22c8964d75833fb723,MaxTyrone,FOLLOWERS
0c05a3940ebb4101b87fd748,Mayurpanchamia,FOLLOWERS
7cb2269b45bd41598f9fc675,Metalstorm.ee,ALL
3c42b7d2f59941c4b01f46fe,Mex5150,NOBODY
1c41b77c265d48acb492ad44,MichaelWilliams,FOLLOWERS
56848c45959e4e039426c88c,Mickerdoo,FOLLOWERS
b343e7669012479b8182b71d,Modanung,FOLLOWERS
7613c441e3f942c599cd5622,Monoval,ALL
b6d9e4b83ad74a5287cd60b6,MonsterMartha,ALL
d298dff733334a2ba5b84729,MorbiusLover666,NOBODY
e6152e30f7494e669a393045,Mouseater,NOBODY
fb057d9b71a04c45881ccc2c,MovieDudeFiend56214,FOLLOWERS
ebbd1ef6a9004abaa07b1cd4,MovieGuys,FOLLOWERS
c685651cd8d949d7b56166bf,MrBlaqk,FOLLOWERS
05f643648802459aafe746ba,MrDeltoid77,ALL
522df1f47931413f88294222,MrJago,FOLLOWERS
79622f6360164ff0a9af6b36,Muhayerboy,FOLLOWERS
910dbc3e7a054fc39d4036a8,Murderer86,ALL
959cbfec63714c698d14880b,MustachedMovieMan,FOLLOWERS
8505bd921d5f49d88c77e655,Narate,ALL
ca8f6fdf22fe45fab4981309,Nebraska,FOLLOWERS
04838971310143aeb6228597,NeoBrowser,NOBODY
7ac85b4eddd84c89a27a85da,Netflowers,FOLLOWERS
fa37ce10b2b946e297e6ed09,NicholasLopez,ALL
8c32957c11ba45f394c27d09,NickCoIn,ALL
24bd1271b8f94902bdd5c58f,Niemand,NOBODY
b49602c5f4b6460aa25f78fd,Norsk,ALL
c7facb24d6fa4248ba5f6ea7,NoxiousScythe,NOBODY
754866882f0f4891b2494e29,Nubyan,ALL
981c267fd9a445ff8217518c,NunzioGiannatelli,FOLLOWERS
9172d22d3478448f92a7e318,Nyh,ALL
0e99be8c3d6c4336b05c79be,OhJodieBaby,NOBODY
61e1e227370448159896b5ed,Olivergbyrne,FOLLOWERS
9c5e1b189a804b1e9b59de83,Oniricus,ALL
109de7eb7f914b95b2d2f8fd,OrpheumFilms,ALL
1a2c1e069e3b4ce687aa6f02,Otokichi786,NOBODY
4d6935f0567042babea01d17,OuroborosSurfer,ALL
afdeee518f774d0b9177aa67,OzDrDj,ALL
f669f7893d9c456e97a873d8,PaulThompson,FOLLOWERS
b5889f818f9f4d378a325904,Peter89Spencer,FOLLOWERS
d612b84ed9b04a7086619e8f,PimplyChicken,FOLLOWERS
1d775faf4bc44cf68e911271,PolyWogg,NOBODY
847d8039d68a44f69b948c84,PorkNachos,ALL
1c4bee988f5743398eab3be1,PostCut_The_Film_Podcast,NOBODY
9f78dd48fe4a439cb0ddc396,Potential Kermode,FOLLOWERS
a8175fbca12e4800ae94bf73,PresidentPutin,FOLLOWERS
98a91f528a3b48dbb26408fa,Prkns,NOBODY
1f4ae2ac01f746cba43d4148,Prodank,FOLLOWERS
73d1ae4c567f4ed2ac4feb5a,Quincey_Morris,NOBODY
860b204b8cc34b02ac3e62b4,RCH2288,FOLLOWERS
ee74c3c31e2442b6a22add6a,RLTMovieReview,FOLLOWERS
fe418dae6c3442a49534e07a,RSOliveira,FOLLOWERS
d4e5f56cd91c401b903bb9ea,RaeElaine,ALL
0414505fb558449f98d2eb04,RalphRahal,ALL
f2b10611400a47bf842011e9,Rangan,ALL
cc072996a49d4444bb9f8a79,RaymondMorris,NOBODY
2a189aa6c7a3444d8a0abe1f,Reb_Brown,FOLLOWERS
8a5f8db2826e439789f28fa4,Renovatio,NOBODY
762689384ed64a89abba1880,RickN,NOBODY
92b1a8fd770547bc94b85979,RobMcJ,NOBODY
055e9c1098c4410aaa2d9427,Rocketeer Raccoon,ALL
72ef8dd79baf4a78891af14d,Rolpbert,NOBODY
a8da0ec486fa4046a6b3217a,Ruuz,FOLLOWERS
eaec90b28e574b339572e257,RyuKang95,ALL
739b4783378248c89b11541a,SPDonlan,ALL
a18795ef4a304a7d80c4d260,SammyVerse,ALL
4e3527e1bb5f4f57b3cec091,SamuelSanchez,NOBODY
4b4bac830e354629972293ab,Sanjeev0805,ALL
7454129ac47c497f891bdde5,ScottishKnight,NOBODY
d108b7e07fe946a2809a504f,Segfault,FOLLOWERS
58cc2243eeed4369984b9aaa,Sejian,ALL
c0a10a5c791c4c60a8c3de1f,Seragon,ALL
09a335b6e46c464d8f593b7f,ShawnSmith,FOLLOWERS
dd607050a5454fa199222c87,SierraKiloBravo,ALL
806e2f35139a4a18bec540f0,Sigeki_Ogino,NOBODY
7bc0fb2ee4af457f8c03d029,Silverstein,ALL
260d58dc2df44e0f91c1f686,Sinist3r,FOLLOWERS
102b48a169274176a5e56f73,Skeleturtle,ALL
ca27274aa91b483cb8863092,Slakman-Sauce,FOLLOWERS
faff3a09fa2f49c498d33812,Slothlev,ALL
3b87c81d4ea4401393fc5401,SneekyNuts,FOLLOWERS
e5c80bb56c3148d0b63166d9,SoSmooth1982,NOBODY
aa1d1df47f844f41860cfbce,SoapboxQuantez08,FOLLOWERS
186df04e2af74b81861897c6,Social Justice Wendy,NOBODY
e126bcbac4b842c1847cf1dc,Souredcream,ALL
6bb9f10c0358418c9be33640,SplintDixon,NOBODY
66af0b6e08a64432b4262ad3,Splinter,NOBODY
3d4638965181422786bd17f6,Stashdragon,ALL
2c396dd92d6f4ec2b717632a,StbMDB,FOLLOWERS
1e828b7ee4e742529c02ee4d,StephenScott,ALL
510f72746cac4d5f89748f9a,Steve Butterworth,NOBODY
c77ff8f9159d4b3baed79112,Steve Freeling,ALL
0c4ca84a51de4c4bb1f0baaf,SteveMcQueen36,ALL
932e5fd6a4ba426a936559b4,Sully7370,ALL
98726c8a9f3f4c408c4c25d6,Suresh17511,NOBODY
75e7bf7f0d1e451abc145ba5,Sushrut,NOBODY
277f40f937584ff49681f619,Svumpukkel85,ALL
4dd0b0d0c01f4869a139ce64,Sword0fTheSpirit,ALL
09cee79343224fc4a7e071bb,T_Snow,FOLLOWERS
5d1f005835e743049d6b8a0d,TahaTMDb,NOBODY
29a34ef31473452182af379c,TerrificInTahoma,ALL
93fa82f538bb40f78e42e1de,TheBlah,NOBODY
92738955abdc472f8de2669f,TheFilmBuff1990,ALL
a20a335015d441daa92933cd,TheJonathanSim,FOLLOWERS
753ccf641c8c472bbc54dc6d,TheMovieGuru1993,FOLLOWERS
3ec7c3c4413c4decb1d458e8,ThePeruvianPost,FOLLOWERS
df708ec7555f443c8c493bb0,TheScott,NOBODY
68deeb65ee11496c91078352,TheTenth,ALL
607be57c0f694419ac6c1d0e,TheodoreBear,NOBODY
0f66e601601045c3bba47fe3,ThomasMoore,NOBODY
205c52dcd4c547a296bc668c,TimtheGiant,ALL
32cdf7432b66454095c5536c,TitanGusang,FOLLOWERS
6c8f431531da494fa7453455,Tom.Livanos,ALL
eb50219a135b4558aed6a145,TomStensson,ALL
d2ad435516f740359246df05,Tourma,FOLLOWERS
c1ad2986ea79464aacbd126f,Toxic Fletch,FOLLOWERS
3fabb90a3d9d49d3b185e21b,TwdPepper,ALL
d52b610bf58d4a349dc47f79,TwiceONCE2016,NOBODY
5ab192459adf4a22bd4df1ee,TyBalsinger,NOBODY
5a991d3229a34affa429bb9f,Uknown,NOBODY
9be66a3b3bfc41529a06dae0,Unknownian,NOBODY
4ffcb8cb2d9545379a15fd56,Venti_Pro,FOLLOWERS
411f0372a06547d1bca71544,VibeWithKai,NOBODY
9447ddd198014c858e2cc5b2,Videospace,FOLLOWERS
64376b621b1e431881ad98bd,VolcanoAl,FOLLOWERS
472de9b7ec054c58a3dc3fd5,Wehrmacht,NOBODY
59dd183ef6884e7f9ea9a6c9,WiSpider,FOLLOWERS
577eb7bbd49148feb46f225a,WilliamJones,NOBODY
b481bfbc59ef4159b8ebd1f5,WilsonWatches,NOBODY
1ffb946f7d4e42f4a8652678,WongKentir,NOBODY
02c2ef8b643e4ca19e0ab04b,WrongPilot,FOLLOWERS
db800d5414e34f9e95c1e419,Wuchak,ALL
d847205e832c45b88d232eda,YouShouldKnow,FOLLOWERS
3772073b5534402aa6fc2722,Yuuki_Minoru,ALL
fc2239a416d94676a64e8290,ZION-LION,NOBODY
308368d6eba148a0b716db8b,ZOZEO,NOBODY
35b960da71974e2a967182f7,Zak_Jaggs,NOBODY
f5a32d2f5f87450cbb3d8058,Zamomin,NOBODY
17c8d1dddfaa43c2be4c0350,Zepfanman,NOBODY
9760a8d0f62d47089c1ce168,aardwark69,NOBODY
0362725116704b98972c333a,abaddonhades,ALL
4219c4b6a2b84ac49236fd7e,adishake,NOBODY
9ff175163c1d476d93ad0458,adorablepanic,FOLLOWERS
e6813f5edbb24723b28bf597,adrienna.rs,FOLLOWERS
58820ac865e54b24b5694bdf,akarta,NOBODY
0f01cd7d932d4324b1183c59,alaeTR,NOBODY
eb2ddd5c07dc4dfa971cc74d,alarmgy,NOBODY
d8a0764f0f8f4dd5bdf047d4,alexbakshaev,NOBODY
be962233ebf24054a66d7286,alksjalksj,NOBODY
62d9c2128e4a4068bb07b13a,allanjv,NOBODY
b914047bf6704d41bf5ccd49,alltimemarr,NOBODY
4832cadeb4684c6ab5a0a19d,an4sctxft,ALL
4467b12de586490ca73907ba,angerls182,ALL
beb9627a538349eda15dd9c8,angrek,ALL
6c6d96b8da614c6e94b0afcd,anishmystery,ALL
74e922dc86e84ac6a17bdcf2,anthonyryan1,NOBODY
27f8ad591b534e5e819d14d6,aochin,FOLLOWERS
bde411772ac549258fab848a,arrowplex,ALL
14290ce67aff4699bd07ccf1,artmeja,ALL
612f812ebd0a41c7973eb07d,atarimega,NOBODY
f197625bdb74408fa51954dd,atpar4,NOBODY
e0a30ca63f634155a9a07b52,atticbuzz,FOLLOWERS
09c847b1ecbe4fa88d4668c6,ausfem,ALL
60ab7a6e10054bb4a9f091ae,ausher8,ALL
e0fbc732b7ba428f905e54f6,aushro3,ALL
1e9a3755c6e8442f826a6657,badelf,NOBODY
599fa5e129f64a0f9fc2494b,bagelthomas,NOBODY
fb0e25cd962542369c0d7961,barrymost,FOLLOWERS
a7fb25cac845442998190ada,bastag,NOBODY
49d2b41b9c38433ea0f50af1,bensonmum2,FOLLOWERS
75da2374ff6c494a979cf657,bernardoribeiro,FOLLOWERS
e6121bc737ea419e85b50f44,bestchallenger,ALL
954b5a19e315477e86525c2b,bigbassdrum,FOLLOWERS
6de38cb0e1624097923cafb3,bilalmirza71,ALL
be19443a6e5a41e597a97fa7,bkline,NOBODY
7e0e53d09e19445ebba3dc9b,bluedevil667,NOBODY
f1ef518563284ad083d9de5f,bobbeijing,NOBODY
fa46adbc24744bd29003a89b,brekkil,NOBODY
c8e03f60d42b4a02afe8eced,brightonguy,NOBODY
8d947d3e5a49401aa4589b62,cadkaup,FOLLOWERS
0e74f477cbcd4021853b9547,captain_douche,FOLLOWERS
bde706c329264c1cbdee352a,chadrico,FOLLOWERS
aaaf926ba57d4ee6805a27b5,chandlerdanier,ALL
5281ff6ef3044c668a7be65b,chosengreatone,NOBODY
767cbd5077c745d1bb8531ce,cineast78,FOLLOWERS
42dfff8c73f04eb987e9dca0,citizenerased,ALL
7b6bdad4ddfd494ba5f93495,confused_npc,FOLLOWERS
8c3074dc299a421c94c22b95,corrcorr,NOBODY
e6b9264970ae49fc95baa52e,crastana,ALL
ad8b0cd460ec444082d961df,crazyrobinhood,ALL
63fe0f1c281b413fa3fb2c4e,cryodome,FOLLOWERS
2a2806666b314efe9f004de1,cyberflixgold,NOBODY
4e008ca3f2f3483b938bdfd6,d54.pod,NOBODY
826bbd9683aa498b813fa92f,daisyrowley,FOLLOWERS
f847e90612ec41e3a7c0861b,dalboz,FOLLOWERS
f9cc7019088b431aa260f429,dancinglightning,ALL
df7e8da61091411cacf40010,daniel_carr,FOLLOWERS
9bba0035458049759df71f56,dave_buffalo,FOLLOWERS
1fdbd65881b54bdf83228743,dbzgal04,NOBODY
48fece0de25f46b186bd410e,deepkino,ALL
6792e289110a46539ba1de06,defjeff,ALL
0620e3ec30fe422bb0221c02,dennyjt,FOLLOWERS
daae7cd48b954907b3636c5c,depost83,FOLLOWERS
aab1ef41b97d4c2995770331,derbstyron,ALL
862f4d4d81df4176913e8ef6,dfle3,FOLLOWERS
27956940d3154abbb8b4e10e,dgood826,FOLLOWERS
8a18510ea84e4c7aa1ae5bcc,disasteroidd420,FOLLOWERS
0a2a5d1733f3448a8dcb1363,dishamittal,ALL
40dfab3f384941419443047c,dnavratil,NOBODY
de14ddcdefab4bc99b70e4a5,dogstir,NOBODY
20dccc6b87a4421abf0830e5,doktorkraesch,NOBODY
877c23d30d89423c96a4803e,donovanhill27,ALL
24999040cec94a01b3aca6ef,doubleyoudot,NOBODY
1b049c60482f4066add4a9cc,drystyx,ALL
a7e88f0acdc64447850ad366,dumasori,FOLLOWERS
c632299c2f9d4b1a948e8025,e12345654321,NOBODY
9c4ec5611f4f4f8ab658952f,ekaari,NOBODY
f0b764cf4c4f4501b9053dd9,elev8,ALL
9cb5459d00f44c5aa667cf3c,eliasmata,FOLLOWERS
44ec7688b4f94766891a9bb6,elshaarawy,FOLLOWERS
589aeb7f96ff48f1b257ed2b,emre-boz,FOLLOWERS
31b5552dddb74b66910303ed,enjoy_jer,NOBODY
1c4f1813e8d14d838bbd34c5,eric.rebe,FOLLOWERS
1b1ea2f5269d46a0b9d64fb2,erick_cabral,ALL
388e74715c5d45ccb8668c0c,erickprieto,ALL
65809be7f3984df681bff997,ermozart,FOLLOWERS
f4d37be6d4454117b4dc02bd,etmahoney,FOLLOWERS
d96bd20e9ba64b8bbf904449,everythingmovies,FOLLOWERS
dfaa2407aa1f481c8af688b1,ezraaaa,FOLLOWERS
a471da4456ad4de3992aa0b3,feathermcgrawlover,FOLLOWERS
cfb85b1e41da4c3ea4c60758,felixxx999,NOBODY
a9dfb2fa59454bb6b7bd544b,fenicka,NOBODY
79733a636e1b496ba6b60d65,filmeriod,NOBODY
53af0d15462447aeb627e9cc,fkuk1214,NOBODY
90ff86e2bfa94d7983e13b04,flabob257,ALL
f98847cbd9f445de8f16d72f,flysgirl2013,NOBODY
d5713d1cf47f4135abd84bfc,frmfm,NOBODY
782ca684e7cf49ff83b83c7a,furious_iz,NOBODY
794c0b0a100941079db25bf0,futuretv,FOLLOWERS
e998f4be94454c7389928a12,gastyny,ALL
a966d034193c457aa431f611,gdeveloper,NOBODY
4e270ba5f952462384751001,gerithecat,ALL
c6b8678ff7f84ff08521fc6b,gnawbone,NOBODY
937543db970a4fb49d193fe4,gownpolitician,FOLLOWERS
b2bbc50184034031958ad675,griggs79,FOLLOWERS
e1148be6408544c48d4f6d01,gummshoe,NOBODY
e262991a56eb4cacb78dfaf1,hagrid49,ALL
889c5cdfd4f24097a3d0f105,hamfaceman,FOLLOWERS
40177bae46e3496385c6e776,hamid.g,NOBODY
53156cd670c8410b9dc49aa1,hand2a,ALL
be8ca43a51f147d084c5a73f,hopefulreviews,FOLLOWERS
e0012db7d1aa4deab1c8ed54,horroralt,ALL
f920f4833c8c4bdba046495c,horrorfreakgeek,ALL
2a8a55d8a33c48fdaedd61ac,housseini_mdb,NOBODY
c2584895f7c14d5aafcbf778,in_the_crease,NOBODY
c82c3aba5c514908a0dcf389,inaneswine,FOLLOWERS
6465e7d2c984476a81d18643,insanenerd101,FOLLOWERS
79739752ea744813a7762da3,insidemovies84,FOLLOWERS
fa66698b53c74718aedfeac4,isabellevillasenor,FOLLOWERS
6cd3351338c742929b12141b,itsogs,ALL
d8e4ac2efe7b4d39b1d02f6c,itzbrianna,NOBODY
1cd8f4f17dbe4f5d92320e76,izgzhen,ALL
353f69fc18f5439080d79082,j4ni,FOLLOWERS
08d502d09985411ea290feee,jBullfrog,NOBODY
73f972ac5b4841e28c413f8c,j_haseltine,NOBODY
1b5d8a4cbb4b47e18523f60c,janeyee,NOBODY
21f168696e334cf7a735d18a,jc2try,FOLLOWERS
3a4917ee01e647649eafe8de,jkbbr549,NOBODY
574bff30fc85445296f586fb,jocosta3,NOBODY
51e80ee166af4cb0b1305eff,joelbaby,ALL
7b36692513bc40c09af85a70,johnmills,NOBODY
35359cf23fcb4d44948ac6d4,jon99,NOBODY
1622588a12764fce838bfd7e,jpnusa77,FOLLOWERS
a24cdf4964324123b3f890a2,justhappytobehere,FOLLOWERS
de3953d995a142e890040daf,jw,ALL
922730e6fbd9457cbaf51ffc,kakjdismznj,FOLLOWERS
3605e7ee97c54f7f96e515c4,kallmekali,NOBODY
591bee956d8d494cacef7d30,katch22,ALL
dcb10ca04ebb4b0ea793a971,kdumers,NOBODY
abfdbedba747479c8787e972,kevin2019,NOBODY
49d187d7be7d4a2db8eef905,khanz1,NOBODY
c456fbc0681547cbb0602a62,kineticandroid,ALL
0fa4356e91ea47b9b8b0bd35,kodkuce,ALL
98cb8100bad747f68592ce21,kohlgill,ALL
8bb87afc25a74faab5c8b1fd,lancethedealer,ALL
eacb623cf1f74aebaa2ef81e,legoman2000,FOLLOWERS
1c1d371274c84264b9f7c9c6,leo2323,FOLLOWERS
dabc9d11ee2d4e4c8c6f5f12,lesliekell,ALL
22b25976f05f41d19570ac45,light_michael,ALL
b6d3387aaa35426aaddf9012,lildrosso,ALL
fe468ae863a4474f88daf35b,lkredhat,FOLLOWERS
eae47b13e9024e5f874e7d27,llgolden,FOLLOWERS
36d25b620886423785e14a38,lmao7,NOBODY
c73e0f1d4e7440f0866817f1,lori007101,ALL
611ac81932a248d4a25396eb,ltcomdata,NOBODY
f91f080038ae4db68c6f40fc,lucasfirmoup,ALL
e37d5359a4264bec995e8aaa,lwpcolonel,ALL
bfd30394873f4c16ab081b6e,madriyanto,NOBODY
d0ae94638be64c91af12bcea,manwhonose,NOBODY
01a59b16103349ae80d7598d,marcellus,ALL
2137a53fcbd645f39ad2b42f,markavrelii,FOLLOWERS
304090ca41674d8da44301e0,markuspm,FOLLOWERS
76fc91557f8a4987895f8323,mastergsg,NOBODY
18b15606f2a84504a6971c0e,matthew1,ALL
d9495fa5b65d435693f2c93e,matthewdixon,FOLLOWERS
1511981c21a74bbd90650ce9,mattwilde123,NOBODY
2a4cff65a2ea47c0bafad180,mcglsr2,FOLLOWERS
8f3826d2b9454a0a95b45ddc,merenabe,ALL
7e680b8772eb466f894e4bac,micar6,FOLLOWERS
49c194715bd74e22a47380e1,microscope,NOBODY
ea0ee04533324936bb078c19,mindfroth,FOLLOWERS
6ba4e9b12e884a7b8f149788,minymina,NOBODY
f39ebafe355549a69e62f96b,missmiserys,NOBODY
095572f3b212487788c44776,misubisu,ALL
3027fee29134496191fe8fe7,mizjmarie,NOBODY
6ace5e51340f4bfda6c82c6d,mkersten,NOBODY
91ebde92fa7a4ea79b7d843a,moard,ALL
aca9818a698d453a8fbf2aa3,moatsc18,ALL
0638da2d2bf44bbf93489dfb,moki,NOBODY
068af60140ca4d77ba4a6ac3,mollzz,ALL
45bccdf23a0b40fbac76908e,monolithe,NOBODY
843a3ab24319493d90710c0f,mooney240,ALL
9c2b39b1fe1b4e0981e78465,moovies,ALL
358cc2e8727747c587a81649,morehumanthanhuman,ALL
0db8f6e6939a49ddaf85dff8,moubledian,FOLLOWERS
5e62ec4e8f314de3b3ab19c1,mrmattsmith96,ALL
4e3f1183b3194bc4bac9137b,msbreviews,FOLLOWERS
5d6aab992519488182c891bd,musafirsafwan,ALL
04e8b64c4605435081ebd732,mygoodomen,FOLLOWERS
450351646dde45399964d2c0,mysoulishome,ALL
0e932062628846aabd829f38,nairtejas,NOBODY
6ffc7dad62bb48949258b82a,narrator56,FOLLOWERS
9fbcebba72b6433781dc42f2,nihil,NOBODY
0207abe412c6458f86de4ce2,nikkiwild,ALL
bee2fcf1020a4746ba901113,niyumard,NOBODY
d351bc61abbb4b35baa7d1c8,nosuchagency,ALL
d61c2cec0ca54070ad9bca80,nrogoff,NOBODY
2ce5c2fcbd6c40079a9a6682,nsinger99,FOLLOWERS
4d6ad5cb55cb48f5ae8a13ad,nutshell,ALL
8a9296457ed54b53bfb9eebd,nuttyhuddy,NOBODY
8d2bf38ea797476889e3188c,offgridlife,FOLLOWERS
76a6df45498e46a091edb239,ohitsjudd,ALL
f3f67c326d04494f9a17ec88,ohlalipop,NOBODY
704b857a06754a1e9002321f,onthesilverglobe,NOBODY
13d213c8b3e24ec1aa1f9991,out_in_leftfield,NOBODY
421eb4e554ec40b3a8e47a16,pablogeezer,ALL
c608b441d1c8467d824884f2,pacohope,NOBODY
045c1203556f4752b41a3ad0,pancine,FOLLOWERS
ab614621d00e41dd88d4cd47,parksycline,NOBODY
ec16d55379e24eae92c78541,patient1,NOBODY
c931e16663124aeaaf3663ec,patrickios,NOBODY
d6f5e206be5f4d35b31f94ee,percy_wren,FOLLOWERS
f07cb1097ea248fcbb0e7ea7,perelachaise,FOLLOWERS
873b13f7fa3c482d898e58d3,phx611,ALL
16808e1c555c474cac75b6f3,pilr,ALL
4079b6d0e53f4d0aba8666ec,pokycoder,ALL
975c8c6f932a485d92ed646a,portman123,ALL
f5ec9f1554c54b17ae8dfb18,portnoyz,FOLLOWERS
ee0fd3a1a6fa46b19d5c03b6,prabhushakti,ALL
658a346834524236b7543a07,primeos,NOBODY
f35ae77e75b04fd4b871042e,quasar1967,FOLLOWERS
a3e599668d624815a4ea353f,r96sk,FOLLOWERS
5baf4d95d03e4844811d2687,rajashanmugam83,ALL
afd43a7652f64e6f8ffc488d,rajskadusica,FOLLOWERS
74c3345cbfb942759fade1f6,ravitejarayudu,ALL
fb33817f16e64880bf28c400,rbeckboodro,FOLLOWERS
5dfe2e000b95461e8c70e509,realedk,FOLLOWERS
17744fb1d27544fab4c15f62,redTed,ALL
cce6cd7f42a9437fa90eda46,reksp13,ALL
aea75501988b4d9e94c8a61a,repojack,ALL
b342a5b174e74ad89e197781,richardmiller,NOBODY
a6ec059885fb45bfb45f78e8,robotseinfeld,NOBODY
b4b7a256809f401587ef629f,rozmiarek,NOBODY
a703b1850f7244c684f281d6,rsanek,FOLLOWERS
6420d582bde7429c90b52fb2,rspen46,FOLLOWERS
e8634a675aec4877830bf147,rxbudian,ALL
09f3bfc222a34030bc03f5d4,s6kx,ALL
9f2978ffb449459fa217f27d,sachin_13,ALL
df47e0fd332340ca9831bb20,scavacini,NOBODY
608fc96c90834689abc2d2b8,schoosskyler,FOLLOWERS
0ad2f308123e46638bd1cb75,seking,ALL
455ba216cc234f18a05f1a32,sharkgummies,ALL
7edf60c08430441ab01b2c27,shiri4frnz,FOLLOWERS
bc2c51958ef449c4b22acaad,signsoflife,FOLLOWERS
c9acbb9051424eee9089e63f,silvermistvio,ALL
5dbd98e2ba194938984176b0,simest,FOLLOWERS
6539f1f125cd448fa9006d92,sirdorius,ALL
8eb9143afeec4f1b9e3aee02,skateboardin,NOBODY
f7b609e51e25449d991f0adc,skibididid1,ALL
9fad8c5f12254e65afdee45b,slayrrr666,FOLLOWERS
e40713e91bb74b9fb0a74cfb,sonofbalkans,FOLLOWERS
380b6da25cb84fd786474d21,sooner1ksn,NOBODY
1b3182f3cfdb4fbb9b4f2e44,stempst0r,FOLLOWERS
8de20b236adc48caa28803e9,stugood,FOLLOWERS
6b58082a18ae408eb013a86a,swiewior,ALL
9722d9289c93490f95bde70e,sykobanana,ALL
a63d9f4920424ff0adb9f2b1,talisencrw,NOBODY
39a403b9380a417c92ee425d,tanty,NOBODY
1a7deaf2cf5d4933ab5df582,tdheath,FOLLOWERS
9e27f91f48cd448291d5a58c,teix,ALL
cdd97d93ea39406595b99fe7,tender_buttkiss,FOLLOWERS
1b1f59c77d234128b43fa0b9,tensharpe,FOLLOWERS
57e32cc36d8a4c858cc05b75,terrytowel1956,FOLLOWERS
e4dfaececb204236a0fd6cd8,testr,NOBODY
928ab71e2c7441aca4932c1f,the_blueeyes,FOLLOWERS
ae793887b76e4132b3ad7aeb,thechrisfigaro,FOLLOWERS
c3e41fb8289e49d5ae2967d7,themoviediorama,NOBODY
3b23d46008934777a782100b,thesampson,NOBODY
63ad0a68bbe34bc790ee5a90,thiolier,NOBODY
9263408a4c6b4e5fb05bc48b,thommo_nz,ALL
9bae0676998243d2b49f897e,tiailds,FOLLOWERS
16ec4be6abb44eb7a09f492a,tmdb11977395,ALL
a1a1f655c236487c9f0123e7,tmdb13206453,FOLLOWERS
9598e9861eb44bcfaf950b38,tmdb15214618,NOBODY
b94a387224ec45d59ddd8c30,tmdb15435519,NOBODY
88ee54f64c384859ab8c9c16,tmdb17996075,FOLLOWERS
22b2b182063141e1ae4790ef,tmdb18359958,NOBODY
751889a76ca54de095f344bb,tmdb22590444,FOLLOWERS
641bd732f382498aa0ec5069,tmdb23156637,FOLLOWERS
ac670770d9ec40fb8984a38d,tmdb23365124,NOBODY
d51afaf6caef4112990a4a4c,tmdb25796299,FOLLOWERS
3e0c0002435049cb9bbf4720,tmdb27219454,NOBODY
1883be77e5484fa79fee13df,tmdb28039023,ALL
a6f5cdd552324507ac5aa810,tmdb29300086,ALL
06085ebfd88a49a0be13d9fc,tmdb34473121,NOBODY
8f53a24be74d4b2891575de2,tmdb39513728,ALL
8b43b3b0518a4cfe83dfccee,tmdb40011370,FOLLOWERS
0cb20dd8941c4578bebd9dc4,tmdb44006625,NOBODY
8663465f34384f82835eb7e5,tmdb47633491,ALL
2043e54d5e054124a793c13f,tmdb51616167,ALL
82079307a48840d199105fbb,tmdb55527033,FOLLOWERS
6eace35ec8cf41cfbdd4e143,tmdb56937092,FOLLOWERS
eecaed3c4b564f8c8ad322d8,tmdb67308879,ALL
e37fc40723c84c17bdc621b0,tmdb69096209,FOLLOWERS
aa534a48d9cf4fe59fc5e89d,tmdb70752507,ALL
2df1c8d34edd4dfe839b820c,tmdb73913433,FOLLOWERS
05c4cc1908514bf8814bd4d0,tmdb76622195,ALL
343f1f90fa62450fa66e9bc9,tmdb77268060,FOLLOWERS
5a9a7201bf8f44b8af6cc945,tmdb79319797,NOBODY
133912625bc041d2bc0040d1,tmdb79614358,ALL
cb5a6fb83c234c2986503b43,tmdb81799156,FOLLOWERS
291d63ae7a0640daad7c5699,tmdb86370050,ALL
f6c3260586ff44f387cb5bb0,tmdb87069603,FOLLOWERS
63ac8f42adba44adbee90396,tmdb872652,FOLLOWERS
b2cacc327c70469386ea374c,tmdb91242875,ALL
23ac9cc28f5841588daa0b77,tmdb93836550,NOBODY
65aa6b86cea644a1a4dc13ea,tmdb96448014,ALL
1d74cac112114d6e8e3e391d,tmdb98094809,NOBODY
57d901ef53734eba9c74d946,tmdbupdown,NOBODY
0eb23627f9a54995a94701b7,tolgatatari,NOBODY
ffff963c77484d97ba32844e,topkek327,NOBODY
a1fe888e08a54c2ba739f496,travisbell,FOLLOWERS
62cd1b617a80470b9d367857,tricksy,NOBODY
235958d5463340e082a3e62e,trineo03,FOLLOWERS
2add7f0424bd48e9bd408945,tubbs,NOBODY
f8ee44d80df043d5ab6355ed,viciouslollipop,FOLLOWERS
bfdc14df875f45578f9f97e2,viha,ALL
0b5824faabcd45f59e1f57e4,voyvoyyy,NOBODY
42be84980911419f859d7227,waimoku,ALL
7b631eab0dd74d4dab7bda03,waltzma,ALL
1dcc821492fe4deaada41c34,waqas117,NOBODY
8dc276797c6045589e9309e7,warren23,FOLLOWERS
666f32566fa04a32912abf01,westcoast.wanderlust,ALL
d295c36813dc4229a953cdf7,whitsbrain,FOLLOWERS
2f275af8a92c4c9fa00351a6,whyiscuriousgeorgethemoviesogood,ALL
77810d1f9c3f4db98d3b1c04,wiccaburr,FOLLOWERS
6b939cbcb18f4b5789f4aa6a,wizzardss,NOBODY
0903c032de294d9e8f86433f,wlharman,FOLLOWERS
501db3db1e3a4788ac1d1510,wogsurfer,NOBODY
51cdeebec7fc496ca66c0bf8,write2topcat,FOLLOWERS
4e12077b5b444b5e87d9eb8b,wrongellison,NOBODY
94b4211d16564dbdbe8965c6,xerxes2020,NOBODY
f11a030f684c4594a9da99f3,yimora,FOLLOWERS
d52e178c3abc42d9a756642e,yoshikagekira1999,FOLLOWERS
c523bcef152b419c82977ed2,zag2me,NOBODY
70319c4a8c4f4ecfb7726d1f,zaraschwartz,FOLLOWERS
4bb2ed1d724948c7b365a77a,zaynerocks128isback,ALL
3319408abbd44467861278c6,zealed,FOLLOWERS
b011e99b689142d3bfc92d00,zenorking,ALL
04ace25dc6254c90a59d504c,znapper,FOLLOWERS
810704deb543481f8532f725,zombieakacris,ALL
